study_hours,attendance,previous_score,sleep_hours,final_score
7.7,87.0,39.0,7.4,67.2
4.4,94.0,64.0,8.8,78.8
8.6,96.0,43.0,5.9,72.0
7.0,75.0,45.0,6.1,66.4
0.9,76.0,75.0,8.1,61.4
9.8,90.0,60.0,6.5,88.0
7.6,66.0,93.0,7.7,87.8
7.9,92.0,55.0,6.3,78.2
1.3,75.0,81.0,5.1,63.5
4.5,56.0,64.0,7.7,62.0
3.7,54.0,77.0,4.7,66.6
9.3,92.0,73.0,5.0,91.6
6.4,53.0,65.0,7.1,69.7
8.2,64.0,95.0,7.7,91.0
4.4,67.0,57.0,8.5,68.2
2.3,59.0,46.0,5.4,47.3
5.5,66.0,78.0,4.6,72.6
0.6,87.0,88.0,8.8,72.5
8.3,51.0,38.0,4.8,68.0
6.3,91.0,63.0,5.0,70.9
7.6,93.0,91.0,5.5,97.1
3.5,69.0,82.0,6.6,64.4
9.7,58.0,97.0,8.4,98.5
8.9,80.0,68.0,7.8,93.2
7.8,56.0,77.0,7.5,83.1
1.9,68.0,54.0,4.9,53.0
4.7,98.0,95.0,5.8,85.8
0.4,100.0,58.0,6.4,58.9
1.5,89.0,82.0,4.7,67.6
6.8,66.0,60.0,5.4,67.5
7.4,84.0,70.0,5.5,80.5
9.7,85.0,80.0,4.6,93.7
3.3,69.0,67.0,6.8,61.7
3.7,82.0,92.0,7.5,78.0
4.7,51.0,61.0,4.3,54.1
1.9,60.0,76.0,6.4,63.2
1.3,76.0,57.0,7.9,58.9
4.8,58.0,61.0,7.7,65.9
2.3,58.0,63.0,8.1,62.2
6.7,92.0,43.0,6.2,70.3
4.4,99.0,41.0,8.1,66.9
8.3,78.0,77.0,5.2,87.1
7.0,92.0,76.0,5.8,85.0
3.1,100.0,77.0,4.9,72.3
8.3,57.0,36.0,6.3,72.2
8.0,72.0,56.0,6.0,73.0
3.9,70.0,47.0,5.2,53.7
2.9,54.0,84.0,7.8,70.1
6.8,88.0,89.0,5.6,90.4
1.4,72.0,51.0,5.4,45.2
2.0,73.0,77.0,4.7,68.5
0.1,58.0,43.0,6.2,40.0
7.9,59.0,52.0,5.5,64.5
6.6,95.0,44.0,5.8,75.2
7.1,52.0,53.0,5.2,67.3
7.8,62.0,78.0,7.8,78.3
4.6,65.0,92.0,8.7,88.2
5.7,75.0,48.0,6.5,67.7
1.4,79.0,69.0,7.2,62.4
1.1,75.0,79.0,8.3,72.5
6.7,54.0,95.0,9.0,87.3
4.7,62.0,73.0,7.1,70.4
5.7,92.0,51.0,8.4,69.9
7.6,82.0,74.0,8.5,88.9
6.3,82.0,55.0,8.0,75.3
5.5,84.0,96.0,6.3,88.2
5.6,88.0,60.0,4.4,68.2
3.0,53.0,78.0,4.1,62.6
0.3,68.0,36.0,6.4,40.3
4.4,77.0,60.0,6.5,61.5
2.1,67.0,90.0,6.0,64.1
4.1,92.0,73.0,6.8,78.0
8.5,74.0,63.0,6.8,70.4
2.3,88.0,94.0,8.2,80.7
0.6,93.0,89.0,4.5,67.8
2.8,75.0,55.0,5.1,62.8
2.9,95.0,69.0,8.0,70.1
6.6,79.0,66.0,8.2,81.4
5.6,93.0,75.0,9.0,82.3
7.8,67.0,56.0,8.4,75.8
6.6,75.0,50.0,8.4,73.7
4.1,77.0,92.0,5.6,77.5
8.1,55.0,93.0,6.0,91.5
1.7,70.0,88.0,5.3,63.9
0.2,96.0,97.0,7.0,76.5
0.9,82.0,82.0,8.7,72.7
7.2,59.0,83.0,5.7,83.5
4.6,67.0,83.0,6.8,83.3
1.6,60.0,65.0,5.5,51.8
5.0,51.0,64.0,4.8,56.8
1.5,96.0,50.0,5.0,52.3
7.0,72.0,76.0,4.3,81.5
4.5,65.0,53.0,8.7,65.2
3.8,80.0,51.0,6.0,61.5
3.0,50.0,72.0,8.2,58.2
6.3,64.0,61.0,7.4,74.1
3.6,85.0,49.0,5.0,54.9
0.9,82.0,86.0,4.9,71.6
1.2,99.0,89.0,8.1,88.2
9.6,81.0,46.0,5.3,78.4
9.1,74.0,35.0,8.6,74.3
7.0,88.0,56.0,4.7,72.3
2.7,95.0,85.0,7.4,70.8
9.7,86.0,88.0,8.1,97.8
7.8,98.0,44.0,5.2,70.1
7.2,89.0,84.0,5.4,82.7
4.5,93.0,42.0,8.8,72.2
2.7,56.0,60.0,5.3,56.0
1.0,87.0,98.0,6.1,76.7
9.0,72.0,47.0,6.2,72.9
4.6,78.0,45.0,5.3,59.1
2.0,83.0,62.0,7.9,66.8
3.1,98.0,74.0,7.9,75.5
5.8,99.0,94.0,5.9,93.6
1.8,64.0,97.0,8.2,72.8
8.6,87.0,39.0,5.1,70.6
7.6,87.0,44.0,4.0,64.2
7.2,67.0,85.0,6.9,77.0
4.3,56.0,52.0,9.0,59.1
6.3,52.0,91.0,4.2,78.5
5.8,89.0,77.0,5.0,75.3
6.5,74.0,42.0,6.6,64.7
0.8,99.0,87.0,8.0,74.7
4.2,73.0,46.0,4.4,48.2
0.4,99.0,62.0,6.0,56.3
4.9,71.0,70.0,7.7,74.3
3.3,90.0,67.0,5.9,70.7
1.4,54.0,78.0,4.9,53.4
1.0,78.0,76.0,5.0,62.5
5.9,90.0,97.0,6.1,95.2
1.7,96.0,98.0,6.4,83.0
9.3,91.0,68.0,8.3,91.0
5.8,52.0,41.0,7.2,55.3
3.5,69.0,81.0,7.5,69.9
5.9,52.0,97.0,8.9,86.3
0.2,55.0,55.0,6.1,46.0
9.6,84.0,64.0,6.0,89.0
4.8,86.0,62.0,8.6,73.9
7.8,89.0,38.0,5.2,72.8
0.8,93.0,77.0,7.6,68.4
4.9,87.0,57.0,7.8,74.0
4.9,90.0,85.0,4.5,84.4
9.4,52.0,87.0,6.3,85.3
5.7,62.0,87.0,5.0,70.7
4.7,81.0,61.0,4.9,73.8
2.7,93.0,55.0,6.3,64.0
3.3,50.0,82.0,5.4,58.5
5.2,76.0,85.0,8.0,79.0
4.4,84.0,66.0,8.5,76.4
0.2,51.0,91.0,8.0,61.2
8.3,70.0,44.0,5.3,67.1
9.0,95.0,90.0,5.4,100.0
1.4,84.0,41.0,5.3,45.0
5.5,62.0,45.0,4.7,54.9
1.1,93.0,69.0,8.7,67.4
6.7,67.0,39.0,6.0,63.3
2.8,93.0,38.0,5.1,56.4
6.6,65.0,35.0,8.2,65.0
7.3,80.0,62.0,6.0,78.1
7.7,70.0,84.0,4.2,86.1
1.1,64.0,37.0,4.8,39.9
9.2,94.0,76.0,7.2,94.6
2.3,59.0,87.0,7.9,69.6
0.4,54.0,46.0,5.1,41.4
5.5,67.0,44.0,8.6,65.8
3.7,86.0,89.0,8.3,83.9
8.3,90.0,87.0,8.2,96.6
8.1,100.0,69.0,5.1,83.8
3.2,65.0,87.0,4.3,70.2
9.5,70.0,41.0,8.3,74.5
2.9,57.0,60.0,5.5,56.8
5.2,79.0,81.0,7.1,88.8
2.6,100.0,51.0,7.8,62.0
9.4,85.0,82.0,4.6,94.5
1.6,80.0,67.0,7.9,67.4
0.4,70.0,82.0,8.7,64.8
4.4,96.0,64.0,7.6,83.8
9.9,75.0,58.0,6.2,81.2
8.9,57.0,49.0,8.4,74.5
7.5,68.0,48.0,6.6,66.0
8.9,53.0,82.0,7.7,84.9
8.9,60.0,42.0,8.1,71.5
5.2,51.0,40.0,7.7,58.5
3.2,73.0,46.0,5.4,55.9
7.7,82.0,46.0,4.6,75.5
6.6,67.0,87.0,5.2,81.8
3.7,71.0,60.0,6.5,61.8
0.9,98.0,97.0,6.5,88.3
7.5,88.0,44.0,6.9,74.3
2.6,77.0,76.0,6.0,64.9
9.4,64.0,63.0,7.9,79.6
2.4,95.0,60.0,8.6,63.3
1.2,62.0,90.0,5.2,68.8
8.3,66.0,96.0,7.7,92.5
1.5,95.0,90.0,7.4,77.0
1.8,76.0,47.0,6.6,52.3
6.0,87.0,49.0,4.9,70.8
8.7,80.0,76.0,8.0,86.7
2.0,83.0,53.0,8.8,55.5
3.1,65.0,81.0,7.6,71.1
7.8,62.0,71.0,8.6,83.4
9.7,66.0,70.0,8.9,89.3
5.0,58.0,87.0,5.8,72.2
1.4,94.0,80.0,7.2,73.9
0.1,64.0,37.0,6.4,36.4
2.3,78.0,38.0,8.9,50.8
1.3,90.0,73.0,4.5,60.2
6.8,89.0,66.0,6.1,85.0
1.2,72.0,51.0,8.4,55.7
5.1,74.0,61.0,5.4,70.1
6.9,100.0,83.0,7.9,97.3
5.8,84.0,87.0,5.9,95.9
2.0,91.0,70.0,8.9,62.7
8.0,95.0,59.0,8.4,81.3
7.2,89.0,52.0,5.5,71.7
7.4,59.0,68.0,7.9,73.5
1.3,78.0,55.0,5.7,49.8
1.2,55.0,71.0,7.0,55.3
9.3,83.0,78.0,7.3,88.0
4.0,98.0,39.0,8.1,64.3
3.0,76.0,35.0,4.1,48.7
4.9,72.0,48.0,5.1,62.3
6.6,52.0,91.0,7.6,84.7
9.6,98.0,76.0,6.8,98.6
2.9,55.0,46.0,6.5,48.7
9.2,52.0,91.0,4.3,96.2
0.2,62.0,65.0,5.7,52.0
5.6,53.0,65.0,8.3,61.3
6.3,73.0,94.0,4.2,80.9
1.1,76.0,39.0,6.0,39.1
1.4,66.0,49.0,8.7,51.8
4.2,53.0,72.0,4.3,62.9
9.7,56.0,47.0,7.7,72.0
6.0,69.0,78.0,5.3,84.9
9.3,53.0,48.0,8.3,75.1
8.0,85.0,41.0,7.7,75.9
4.7,60.0,48.0,8.4,56.3
7.8,65.0,62.0,5.1,70.2
0.2,70.0,46.0,6.7,45.7
1.1,71.0,43.0,7.9,49.2
8.3,50.0,89.0,5.2,76.9
8.0,56.0,55.0,5.2,68.8
2.3,93.0,58.0,4.1,60.9
5.3,50.0,38.0,8.8,54.5
6.1,75.0,58.0,7.6,68.7
8.7,74.0,52.0,7.2,74.8
6.0,67.0,73.0,7.7,75.8
4.1,72.0,48.0,6.7,59.8
3.7,89.0,91.0,6.4,83.9
4.3,92.0,94.0,6.2,89.6
6.5,63.0,41.0,7.2,61.0
8.7,66.0,42.0,5.0,66.4
4.5,62.0,42.0,8.4,59.0
2.5,74.0,74.0,8.1,70.3
2.4,84.0,43.0,5.7,52.0
7.5,61.0,89.0,6.9,89.4
8.2,67.0,83.0,4.7,89.0
1.1,97.0,87.0,8.9,81.0
0.7,52.0,68.0,8.5,61.5
5.9,73.0,98.0,8.6,86.4
1.5,86.0,38.0,5.7,49.2
8.2,58.0,60.0,4.8,72.6
3.1,52.0,55.0,5.1,52.4
1.4,57.0,95.0,4.5,63.4
9.2,96.0,71.0,4.6,84.0
1.7,50.0,86.0,4.4,61.4
2.8,59.0,46.0,8.9,50.2
1.5,52.0,97.0,4.4,66.2
1.2,56.0,66.0,4.7,49.1
0.2,81.0,66.0,8.1,54.3
0.6,62.0,96.0,6.9,68.5
1.7,78.0,59.0,7.9,60.0
0.5,80.0,60.0,7.2,58.1
5.9,92.0,72.0,8.4,91.4
6.8,50.0,43.0,7.2,61.9
3.9,93.0,55.0,6.6,69.0
3.2,81.0,47.0,7.6,54.9
5.0,58.0,42.0,6.2,50.5
8.8,89.0,90.0,5.7,100.0
8.5,93.0,72.0,6.3,85.5
0.4,63.0,58.0,4.8,43.8
1.8,96.0,61.0,8.0,65.1
2.4,73.0,62.0,5.3,58.8
2.5,80.0,75.0,4.8,62.9
5.7,99.0,93.0,5.2,88.8
4.2,68.0,94.0,8.2,85.9
0.5,91.0,60.0,5.7,53.8
3.7,66.0,56.0,7.4,55.4
5.2,90.0,63.0,8.3,79.6
1.0,80.0,71.0,4.4,61.5
8.3,61.0,64.0,7.8,75.9
0.5,71.0,77.0,5.5,53.2
9.2,66.0,70.0,5.1,79.6
1.0,54.0,55.0,7.4,48.6
8.4,51.0,57.0,8.5,78.4
9.0,67.0,59.0,5.5,73.5
9.8,51.0,41.0,6.8,69.0
8.0,58.0,45.0,5.4,68.5
7.8,86.0,81.0,6.8,80.2
6.4,85.0,60.0,7.1,80.0
7.8,87.0,49.0,7.1,71.1
1.3,66.0,70.0,7.1,60.6
5.4,95.0,83.0,4.7,84.1
5.1,80.0,51.0,7.5,71.1
8.6,56.0,87.0,7.4,90.3
4.6,57.0,93.0,7.4,68.7
3.9,85.0,73.0,4.4,67.8
6.4,59.0,77.0,6.2,76.6
2.7,75.0,38.0,6.0,49.7
1.4,100.0,95.0,4.4,78.5
4.8,50.0,60.0,5.1,63.1
4.2,51.0,93.0,6.2,76.7
2.3,100.0,71.0,7.7,71.2
3.7,79.0,35.0,5.2,45.2
3.7,56.0,37.0,8.1,48.8
3.3,95.0,78.0,6.7,77.8
3.8,94.0,70.0,7.8,70.6
6.9,77.0,37.0,6.4,66.9
3.0,81.0,82.0,6.5,76.9
9.5,64.0,89.0,7.1,94.1
9.2,53.0,66.0,8.6,68.7
4.8,80.0,64.0,6.5,65.5
3.3,65.0,35.0,6.6,56.7
5.4,83.0,85.0,7.0,81.1
8.5,92.0,56.0,7.7,75.2
6.5,51.0,90.0,4.4,83.4
8.0,80.0,59.0,6.6,78.8
5.3,62.0,71.0,6.4,75.2
6.3,94.0,52.0,8.6,76.8
2.9,63.0,45.0,6.5,53.6
7.3,81.0,84.0,6.3,89.2
2.0,78.0,66.0,8.8,67.2
6.9,70.0,69.0,6.3,86.0
8.6,84.0,96.0,4.9,100.0
1.3,86.0,96.0,5.1,67.6
6.1,78.0,89.0,4.5,85.4
1.0,88.0,47.0,4.0,54.9
7.3,99.0,72.0,6.2,91.5
0.8,71.0,90.0,7.8,66.9
9.4,76.0,59.0,7.7,88.0
1.4,51.0,41.0,4.2,43.6
9.6,90.0,86.0,6.8,100.0
8.0,76.0,65.0,4.8,75.6
5.9,70.0,71.0,8.7,75.0
7.8,55.0,97.0,4.8,85.9
8.0,94.0,73.0,7.1,87.1
9.5,70.0,62.0,5.6,77.8
2.5,84.0,58.0,7.2,51.2
5.9,57.0,61.0,6.1,64.9
1.0,98.0,42.0,7.8,55.9
6.2,59.0,85.0,5.2,76.1
1.7,60.0,88.0,8.5,76.3
5.6,93.0,53.0,6.5,71.6
5.7,96.0,54.0,7.8,79.5
4.7,61.0,90.0,8.2,80.0
5.2,73.0,37.0,9.0,63.8
7.6,87.0,68.0,5.1,82.9
8.0,94.0,64.0,5.4,88.8
4.9,69.0,78.0,5.3,73.6
6.0,76.0,45.0,5.3,65.7
9.3,87.0,77.0,6.9,94.5
1.2,87.0,59.0,9.0,60.0
1.2,89.0,74.0,9.0,70.0
0.9,78.0,38.0,6.6,55.0
6.6,55.0,64.0,7.2,69.8
4.2,95.0,68.0,8.3,77.8
7.7,93.0,49.0,8.7,83.7
6.7,90.0,44.0,5.0,73.3
3.3,55.0,47.0,6.6,52.1
9.0,60.0,57.0,8.2,68.1
7.6,87.0,41.0,5.5,72.1
2.7,51.0,95.0,6.2,61.5
3.6,99.0,61.0,8.9,78.5
3.1,69.0,86.0,8.9,75.4
1.6,86.0,96.0,8.5,82.3
1.5,94.0,40.0,8.0,50.7
9.4,70.0,76.0,5.3,80.9
4.4,66.0,90.0,5.6,77.7
3.8,80.0,75.0,6.7,72.5
7.3,79.0,62.0,6.8,75.8
5.5,70.0,62.0,6.5,69.8
9.4,80.0,37.0,7.2,85.0
7.8,97.0,69.0,6.0,89.6
4.8,73.0,98.0,7.7,89.6
3.8,60.0,95.0,5.7,79.0
9.9,69.0,38.0,5.7,77.6
7.2,70.0,79.0,4.6,79.9
9.5,57.0,54.0,4.9,65.6
1.2,58.0,92.0,8.3,67.3
8.5,84.0,38.0,6.2,74.7
6.4,67.0,94.0,5.1,80.8
1.2,98.0,88.0,7.8,75.0
5.9,62.0,42.0,6.8,57.3
6.9,55.0,39.0,4.1,63.5
0.1,88.0,88.0,5.6,70.5
4.5,94.0,45.0,4.9,65.7
8.3,64.0,69.0,7.3,83.4
3.0,60.0,93.0,5.4,71.7
4.6,59.0,71.0,4.3,66.5
4.4,76.0,60.0,4.3,59.6
3.0,73.0,63.0,6.9,54.4
9.2,63.0,39.0,4.1,67.4
7.8,52.0,96.0,8.2,90.7
1.1,74.0,55.0,4.8,56.4
10.0,98.0,47.0,7.0,90.9
8.8,83.0,53.0,6.2,85.2
2.8,75.0,96.0,6.2,73.1
8.4,56.0,41.0,4.4,62.3
1.1,63.0,90.0,8.0,69.7
10.0,65.0,80.0,8.5,100.0
6.7,88.0,87.0,4.1,92.6
6.5,94.0,96.0,4.9,96.9
0.9,95.0,88.0,8.5,73.2
9.0,99.0,94.0,6.7,99.0
0.3,99.0,43.0,4.8,53.0
2.4,98.0,85.0,5.0,71.0
1.4,54.0,69.0,7.3,55.4
7.8,57.0,69.0,7.6,77.4
2.0,65.0,92.0,7.0,77.4
9.1,78.0,96.0,8.8,99.2
6.6,55.0,79.0,6.5,67.2
0.4,92.0,65.0,5.5,61.0
0.1,81.0,64.0,6.4,53.0
0.5,77.0,59.0,5.8,53.4
6.1,58.0,58.0,5.1,64.9
8.0,63.0,60.0,4.2,71.5
2.4,58.0,41.0,5.8,49.6
8.5,93.0,40.0,7.6,69.9
0.6,79.0,84.0,4.1,61.5
8.0,87.0,63.0,6.2,84.6
9.3,65.0,94.0,7.2,93.1
7.7,69.0,74.0,7.1,75.9
7.0,70.0,37.0,7.9,67.1
8.4,88.0,45.0,8.1,81.7
0.4,89.0,48.0,7.6,52.6
2.0,60.0,96.0,4.5,61.3
1.2,97.0,49.0,6.4,59.4
5.0,56.0,67.0,7.0,60.5
7.5,95.0,94.0,5.2,96.5
6.3,55.0,97.0,4.2,78.2
8.5,63.0,50.0,5.1,65.9
1.6,92.0,38.0,6.3,49.8
7.3,59.0,45.0,6.1,63.7
1.9,71.0,39.0,4.9,43.7
2.7,72.0,47.0,8.1,58.2
7.1,62.0,71.0,8.6,77.0
9.8,86.0,92.0,5.0,100.0
6.1,93.0,69.0,8.6,83.5
0.5,94.0,74.0,4.1,59.7
6.2,67.0,48.0,8.6,63.3
0.4,77.0,85.0,8.8,61.0
8.8,62.0,74.0,4.1,82.2
7.1,62.0,89.0,7.8,84.7
1.7,58.0,95.0,8.9,62.1
0.9,97.0,57.0,8.5,59.1
1.8,94.0,41.0,8.9,53.0
9.8,89.0,49.0,6.8,88.8
4.6,76.0,63.0,4.4,59.7
7.8,75.0,95.0,8.2,88.9
6.4,76.0,59.0,7.1,77.6
5.7,77.0,84.0,7.1,87.8
1.5,72.0,69.0,6.1,57.0
9.5,57.0,47.0,6.9,70.2
3.0,56.0,55.0,4.8,55.6
5.8,98.0,76.0,7.7,75.7
7.0,74.0,77.0,4.4,72.5
6.5,98.0,62.0,7.6,79.7
9.4,58.0,49.0,8.2,81.0
1.5,78.0,80.0,6.4,65.0
5.1,60.0,46.0,6.5,58.9
4.0,63.0,94.0,5.6,81.0
4.7,52.0,47.0,8.8,66.4
1.2,56.0,42.0,7.7,42.1
1.3,96.0,66.0,5.8,63.6
2.8,66.0,68.0,4.9,68.2
3.0,80.0,67.0,5.1,58.8
4.3,73.0,63.0,6.3,70.8
6.1,70.0,98.0,8.7,85.7
6.3,77.0,66.0,7.7,77.2
4.1,59.0,65.0,5.1,61.2
4.1,99.0,62.0,8.3,70.2
2.2,91.0,39.0,5.9,49.3
5.9,87.0,72.0,8.3,82.4
3.2,73.0,49.0,5.2,59.7
0.4,58.0,75.0,7.1,56.1
4.2,96.0,38.0,8.6,63.4
4.7,67.0,97.0,5.3,83.0
2.3,53.0,65.0,7.5,53.5
5.7,67.0,91.0,8.9,87.8
5.7,90.0,65.0,4.8,78.1
7.0,81.0,39.0,4.4,75.0
6.5,88.0,87.0,7.4,87.8
6.5,90.0,76.0,5.7,81.4
3.2,61.0,84.0,4.4,70.8
7.9,96.0,62.0,6.4,86.9
5.5,72.0,75.0,7.8,75.0
4.3,82.0,89.0,5.4,78.1
6.3,50.0,75.0,5.7,74.3
3.6,100.0,57.0,8.2,67.1
5.1,64.0,77.0,6.6,71.9
